{
  "publicPath": "/dist/",
  "all": [
    "index.html",
    "js/1.098285d193e41c93.js",
    "js/1.098285d193e41c93.js.map",
    "js/app.93d8966e827b6848.js",
    "js/app.93d8966e827b6848.js.map"
  ],
  "initial": [
    "js/app.93d8966e827b6848.js"
  ],
  "async": [
    "js/1.098285d193e41c93.js"
  ],
  "modules": {
    "01cf8867": [
      3,
      4
    ],
    "03472e7d": [
      3,
      4
    ],
    "aee3135c": [
      3,
      4
    ],
    "599e3fe9": [
      3,
      4
    ],
    "ffb52fbe": [
      3,
      4
    ],
    "074ed328": [
      3,
      4
    ],
    "4a1eff88": [
      3,
      4
    ],
    "e23b678c": [
      1,
      2
    ]
  }
}